"Inter_ID","fitted_a","scale_adjust_factor","scaled_a","fitted_h","fitted_w","FoRAGE_ID","Dim","Num_Pred","Pred_or_Para","Habitat","Pred_Vert_Invert","Pred_group_1","Pred_mass","Pred_mass_ID","Prey_Vert_Invert","Prey_group_1","Prey_mass","Prey_mass_ID","X2D_Arena_size","X3D_Arena_size","X2.5D_Arena_size","Arena_size_general","PreyAbundanceGroup","PredAbundanceGroup","PreyMass_g","PredMass_g","PreyAbundance_50","PredAbundance_50","C_R_5","C_R_25","C_R_50","C_R_75","C_R_95","wC_ahR_5","wC_ahR_25","wC_ahR_50","wC_ahR_75","wC_ahR_95"
1,1.65635760663617,244.049241655093,404.232817809201,0.11905660965255,171.629822877538,1700,2.5,1,"Parasitoid","Terrestrial","Invertebrate","Insect",0.125,NA,"Invertebrate","Insect",0.625,1,NA,157,67.5952808785752,67.5952808785752,"invertebrate","invertebrate",0.000625,0.000125,517.653229621864,1320.53447011465,0.00772697062127344,0.247127031918023,2.75591076631394,27.3199868558408,889.527907631698,0.0275035652461595,0.87252881479437,9.84614028439268,97.6734768828399,3137.69691478341
2,0.402026996709254,1813.88171708594,729.229419105887,0.010639190823993,436.793800234321,140,2,1,"Predator","Aquatic","Invertebrate","Insect",3.65,2,"Invertebrate","Insect",0.12,1,322,NA,NA,322,"invertebrate","invertebrate",0.00012,0.00365,1333.45420623355,174.355083384339,0.000437687852720499,0.0119776165583875,0.128649784175419,1.33949391835291,39.7213960355747,0.024118719853475,0.662263255597397,7.28004840316252,77.0463419319435,2289.94549836098
3,0.435393083995932,160,69.6628934393491,0.0515494453258247,12.161092972053,3204,3,1,"Predator","Aquatic","Invertebrate","Crustacean",0.234,3,"Invertebrate","Insect",0.207,14,NA,20,NA,20,"invertebrate","invertebrate",0.000207,0.000234,1008.93578704444,921.267931390636,0.00269912319421688,0.0829414384489411,0.905319592567566,9.7673285876399,303.000834050662,0.00826178896473848,0.254631459971573,2.86918373791953,30.8636603669424,966.998046323511
4,0.774559040289611,106.8,82.7229055029304,0.251048037481229,64.7777745778203,2355,3,1,"Predator","Aquatic","Invertebrate","Crustacean",3.87,1,"Invertebrate","Crustacean",0.353,16,NA,40,NA,40,"invertebrate","invertebrate",0.000353,0.00387,751.035576936944,166.858598510271,0.000692867957272897,0.0211654704918476,0.232422813267619,2.39664500755368,76.8608106377668,0.00191481118013072,0.0608424036694353,0.666239299663931,6.95426222356622,232.511905353872
5,0.51850153737737,213.6,110.751928383806,0.269702422259162,75.7817592044431,2356,3,1,"Predator","Aquatic","Invertebrate","Crustacean",3.87,1,"Invertebrate","Crustacean",0.353,16,NA,80,NA,80,"invertebrate","invertebrate",0.000353,0.00387,727.587599146803,163.840182295052,0.000676831981382984,0.0205953405419348,0.232205768786956,2.3875919538218,73.2109238083423,0.00141571564046047,0.0461822370937802,0.516017218714151,5.50166898850092,164.535137165473
6,0.154898165270526,1900.23752969121,294.343306927365,0.00369040249529942,234.571701160026,3187,3,1,"Predator","Aquatic","Invertebrate","Crustacean",52,10,"Invertebrate","Insect",0.02,10,NA,950,NA,950,"invertebrate","invertebrate",2e-05,0.052,3947.14021963637,33.9058476127847,2.51459774484484e-05,0.00077075067865034,0.00890659956283223,0.0996494377320134,2.99539858908622,0.00339756059407611,0.15912032286981,2.24748353149614,30.443411166506,1239.62759064119
7,0.207272889738675,1904.7619047619,394.805504264143,0.0204601994713963,510.807606622286,3188,3,1,"Predator","Aquatic","Invertebrate","Crustacean",52,10,"Invertebrate","Insect",0.12,11,NA,950,NA,950,"invertebrate","invertebrate",0.00012,0.052,1434.2493646248,35.8975617507665,8.10790294723721e-05,0.00233573003460674,0.024567028252121,0.269723066677776,7.78676898416957,0.00393469477774415,0.141438909340352,1.72869891615327,21.9856772569107,826.569834608402
8,0.204934833962594,1904.7619047619,390.352064690655,0.0184976580629891,352.490206251341,3189,3,1,"Predator","Aquatic","Invertebrate","Crustacean",52,10,"Invertebrate","Insect",1.4,12,NA,950,NA,950,"invertebrate","invertebrate",0.0014,0.052,314.939225084053,34.2396123995958,0.000326601758059428,0.00983200185387357,0.110250932486722,1.23260859907491,37.4213619263481,0.0101259861699462,0.385220574315129,4.79818626014731,61.8009135376828,2329.63888155875
9,0.201594100908037,1904.7619047619,383.988763634356,0.0389496071889696,504.717877876842,3190,3,1,"Predator","Aquatic","Invertebrate","Crustacean",52,10,"Invertebrate","Insect",4.8,13,NA,950,NA,950,"invertebrate","invertebrate",0.0048,0.052,146.865260499722,36.3764281680258,0.000802569997891101,0.0226755743483229,0.241076347548544,2.56399557779164,79.2717262437126,0.0157873516142871,0.565417628834321,6.67434330857136,77.7767247961366,2735.63222738774
10,1.93342471415171,10.7171950921681,20.7208898575833,0.0476235479377864,19.6596613622915,2235,2,5,"Predator","Terrestrial","Invertebrate","Insect",3.6,NA,"Invertebrate","Insect",0.138,1,28.3,NA,NA,28.3,"invertebrate","invertebrate",0.000138,0.0036,1251.95520302911,169.449547578033,0.000406242388043511,0.011706428532306,0.13258799365595,1.50063213374225,44.1661834983734,0.00818710257981137,0.239939526667075,2.68211275617624,30.6684203878518,880.04489424799
11,2.7819969305294,18.0848242359277,50.3119255135146,0.116599453431345,77.8211604554948,2237,2,5,"Predator","Terrestrial","Invertebrate","Arachnid",0.235,NA,"Invertebrate","Insect",0.138,1,28.3,NA,NA,28.3,"invertebrate","invertebrate",0.000138,0.000235,1259.47334061235,894.021910982845,0.0022754713111055,0.0645778229031418,0.717560704059601,7.99917468376787,228.51371511009,0.0303488780981188,0.853569409504044,9.64960817447293,106.857079703246,3139.90099949019
12,0.404875458736522,5077.92646206834,2055.92780576024,0.0136199578761241,3530.77394030648,1675,2,1,"Predator","Aquatic","Invertebrate","Crustacean",82400,1,"Invertebrate","Mollusk",2.39,3,3000,NA,NA,3000,"invertebrate","invertebrate",0.00239,82.4,225.043402749239,0.420203072429364,5.16047397686755e-06,0.000164144157570888,0.0018632119579659,0.020143094334555,0.669993265375092,0.000679162813379369,0.0216038640174431,0.245960674780103,2.68954189027099,91.2064280445207
13,0.40726228553063,2203.87586573365,897.555522104482,0.0767386695909937,1547.03793405846,1678,2,1,"Predator","Aquatic","Invertebrate","Crustacean",16500,NA,"Invertebrate","Mollusk",2.39,3,3000,NA,NA,3000,"invertebrate","invertebrate",0.00239,16.5,222.933483917478,1.07083100417316,1.35959395150416e-05,0.000423351580496427,0.00472972397907046,0.0522171726637786,1.65937840184946,0.000300348881073186,0.00948576537585856,0.107108525874659,1.19029456578536,37.6550110253511
15,0.30207819699795,326.441784548422,98.6109457011806,6.40946557548404e-07,0.000345920163430472,2229,3,30,"Predator","Aquatic","Invertebrate","Crustacean",0.975,1,"Algae","Cryptophyte",1.32e-07,3,NA,1500,NA,1500,"Protist","invertebrate",1.32e-10,0.000975,2807793955.07027,378.421994594852,6.79826667828308e-10,1.53107065707196e-08,1.38174345963133e-07,1.18849603888282e-06,2.97735920183112e-05,4.77097084636414e-08,1.21051801548535e-06,1.19574423917894e-05,0.000115254826241955,0.00330283787563327
16,0.195264720667895,172043.010752688,33593.9304374872,0.00223525656698641,4879.62497394971,2404,3,1,"Predator","Aquatic","Invertebrate","Insect",3130,4,"Vertebrate","Amphibian",15,1,NA,12900,NA,12900,"ecto_vertebrate","invertebrate",0.015,3.13,160.044013689375,3.06514903856192,6.88187305664178e-05,0.00184237209805066,0.0191244777350145,0.18736879804215,5.54943666125864,0.00755279772429384,0.249722026433122,2.7818533955217,33.5034377489003,1290.8947788502
17,0.246057596874107,172043.010752688,42332.4897847926,0.00162407870011806,6807.11674329293,2407,3,1,"Predator","Aquatic","Invertebrate","Insect",3130,4,"Vertebrate","Amphibian",15,1,NA,12900,NA,12900,"ecto_vertebrate","invertebrate",0.015,3.13,156.490520512225,2.9848727205596,6.15514906516346e-05,0.00187808669450798,0.0191423932465416,0.204581335377039,5.9135001590742,0.000782396787252311,0.027053153496411,0.297909572677977,3.28858291112988,100.571729457328
18,0.178911874338786,309677.419354839,55404.9675371725,0.000735137114592363,797.983893039484,2420,3,1,"Predator","Aquatic","Invertebrate","Insect",1500,1,"Vertebrate","Amphibian",29,1,NA,12900,NA,12900,"ecto_vertebrate","invertebrate",0.029,1.5,79.8079618679957,4.8292138714442,0.000211220918233749,0.00569143979642586,0.0579206629452053,0.600997722438387,16.6519559815734,0.000933777599148434,0.0260841343713892,0.268030032766847,2.89389033026307,82.1795989073043
19,0.315842459230168,361290.322580645,114110.823979932,0.00252071295131494,1380.15069450454,2423,3,1,"Predator","Aquatic","Invertebrate","Insect",1500,1,"Vertebrate","Amphibian",22,1,NA,12900,NA,12900,"ecto_vertebrate","invertebrate",0.022,1.5,107.6550527373,4.52267866822912,0.000161080119668096,0.00424629507932589,0.0416872620009436,0.429414856136024,10.6516070462972,0.000304075997525858,0.00874087777502017,0.0917413006517668,0.994981495559693,26.5060493188812
20,1.93469824123458,183.376589756129,354.778365684777,0.380886877639877,283.275752272368,3214,3,1,"Predator","Aquatic","Invertebrate","Insect",10,8,"Invertebrate","Insect",2.1,6,NA,100,NA,100,"invertebrate","invertebrate",0.0021,0.01,243.91136021576,93.7629759766613,0.00119054179787667,0.0351226486536233,0.374429049185495,4.12125583398771,136.835639697746,0.0127159725868645,0.39673274338587,4.17365199577586,46.5718397394166,1578.45130248661
21,0.572263495295893,179.066344128744,102.473131980972,0.114274150171809,131.468403768698,3215,3,2,"Predator","Aquatic","Invertebrate","Insect",20,9,"Invertebrate","Insect",4.2,6,NA,100,NA,100,"invertebrate","invertebrate",0.0042,0.02,161.59592367385,63.0189736356714,0.00125300331181652,0.0361060439376187,0.382106435730911,4.09465130561606,136.883830924529,0.00591462827960165,0.252281363758594,3.4760187750946,47.8256864913798,2209.61899523072
22,0.0340584428713785,668.336587954774,22.7625034997097,0.0552602138676817,19.5385773628875,3216,3,4,"Predator","Aquatic","Invertebrate","Insect",36,10,"Invertebrate","Insect",7.56,6,NA,100,NA,100,"invertebrate","invertebrate",0.00756,0.036,116.020820890837,43.2662236549129,0.0010721183717287,0.0344471616312655,0.369278051310026,4.2141776077612,132.002305143557,0.0121600643561721,0.408529129632148,4.53739832249083,53.5488869335724,1808.36742035307
23,0.250966684592928,572.4682369736,143.670455468023,0.048332526465284,93.9815360045763,3217,3,1,"Predator","Aquatic","Invertebrate","Insect",51,11,"Invertebrate","Insect",10.7,6,NA,100,NA,100,"invertebrate","invertebrate",0.0107,0.051,94.869507244879,38.1120739117855,0.00122246981178402,0.0373166106810334,0.401579303808521,4.45755458573622,131.5478073351,0.00211801206335484,0.0765870563782889,0.921973800418873,10.5178835414775,366.266230605313
24,0.593453426100431,621.415604635986,368.781219603497,0.0557300004432293,48.4870762414173,3218,3,2,"Predator","Aquatic","Invertebrate","Insect",55,12,"Invertebrate","Insect",11.6,6,NA,100,NA,100,"invertebrate","invertebrate",0.0116,0.055,88.3517421072722,33.9466813994465,0.00115298271750387,0.037807339040169,0.404834757693641,4.38353260576223,139.261790683389,0.467169579758481,15.7440776162094,168.199617163923,1904.77399462471,61561.2738809167
26,0.524121119204669,1342002.10562712,703371.64557631,0.00184267620229144,429.824047584231,1530,3,1,"Predator","Aquatic","Vertebrate","Fish",139,1,"Invertebrate","Crustacean",0.0657,11,NA,16000,NA,16000,"invertebrate","ecto-vertebrate",6.57e-05,0.139,1889.08080477631,19992.7954958702,0.129640706867513,1.78744324880646,10.6026954551204,58.9831449027564,713.853758543525,0.0316358361333079,0.474852084221997,2.99100749012159,18.0527788795729,238.830505789141
27,0.27754296222674,3579579.57957958,993487.120042866,0.55560273967167,8622457.88155503,1538,3,1,"Predator","Aquatic","Vertebrate","Fish",27800,1,"Vertebrate","Fish",154,1,NA,9e+06,NA,9e+06,"ecto_vertebrate","ecto-vertebrate",0.154,27.8,14.166313183962,550.433140615215,0.672691685810411,7.40998896217146,38.445775942686,203.056828209693,2063.67910683831,7.52692542394184,90.763534355335,499.742922509998,2813.99829187257,32682.0702832916
28,0.525547855167559,113.221464269694,59.5032977058682,0.0042744764390055,6.28148203956283,1703,2.5,1,"Parasitoid","Terrestrial","Invertebrate","Insect",126,1,"Invertebrate","Insect",0.00116,2,69.4,194,200.308481225905,200.308481225905,"invertebrate","invertebrate",1.16e-06,0.126,22587.681691614,21.134304080644,2.58754677090273e-06,8.11739974180344e-05,0.000930289381589121,0.0106427746032196,0.322381048053508,5.63077079868541e-05,0.00197349162487603,0.0242759585502966,0.287762768398696,9.9781691903363
29,0.671228898217355,11422.5287118029,7667.13136207959,0.0255075408975761,6232.19400456348,2438,2,1,"Predator","Aquatic","Invertebrate","Crustacean",64200,1,"Invertebrate","Mollusk",1100,2,6080,NA,NA,6080,"invertebrate","invertebrate",1.1,64.2,5.70024972957563,0.508591473458268,0.000252713685487412,0.00772907301121064,0.0890101356178013,0.913338247154585,27.8606465393155,0.00787783497239193,0.24539121278858,2.86583385196315,29.4888579644046,900.961430320567
30,4.79170759171242,1026.10187972739,4916.78016696014,0.181378448319249,4052.41264136077,598,2,8,"Predator","Aquatic","Invertebrate","Crustacean",10.4,3,"Invertebrate","Crustacean",1.03,NA,3850,NA,NA,3850,"invertebrate","invertebrate",0.00103,0.0104,369.789685343816,95.2667350479718,0.000704887464541491,0.0224855155049497,0.249304177970241,2.55628238598744,88.9749370637174,0.0031705063376711,0.100407074987504,1.14754475198815,12.2571103259473,438.344393887154
31,0.224675102684219,216216.216216216,48578.4005803717,0.000423515706102127,1505.44864678458,3055,3,1,"Predator","Aquatic","Vertebrate","Fish",11200,2,"Invertebrate","Insect",3.5,5,NA,9000,NA,9000,"invertebrate","ecto-vertebrate",0.0035,11.2,182.390780502218,1001.8191123932,0.0771026679812498,0.924229246747205,5.6096876441573,30.660763251979,388.545745344784,5.05750573885772,73.5196927137002,500.568951290336,3445.10729553592,54386.5496862633
32,0.131312604862263,216216.216216216,28391.9145648136,0.000512755933170386,449.222977898879,3056,3,1,"Predator","Aquatic","Vertebrate","Fish",20900,6,"Invertebrate","Insect",3.5,5,NA,9000,NA,9000,"invertebrate","ecto-vertebrate",0.0035,20.9,174.844202846395,657.775059323149,0.0468922439917636,0.604699815189408,3.70918478551792,21.5480576179065,278.175355026216,0.670728437423297,13.8633733346225,108.712670922472,844.338060107994,16761.1173561402
33,0.280818015357491,1045.80152671756,293.679909190659,0.0633599935961332,105.638228159902,2168,2,1,"Predator","Terrestrial","Invertebrate","Insect",0.0181,3,"Invertebrate","Insect",0.00116,2,254,NA,NA,254,"invertebrate","invertebrate",1.16e-06,1.81e-05,22103.2759881636,4347.49265479721,0.000527414261775465,0.0179167595481427,0.190507772141867,2.10054455754326,64.5627955207128,0.00288332455993091,0.0981667568114112,1.03925285591279,11.6064333987773,352.592212714882
34,0.337031033941931,1201.01781170483,404.780274861556,0.00803236471908248,180.757140991028,2172,2,1,"Predator","Terrestrial","Invertebrate","Insect",2.09,4,"Invertebrate","Insect",0.00116,2,254,NA,NA,254,"invertebrate","invertebrate",1.16e-06,0.00209,23559.8985926331,243.208916329957,3.15998274638714e-05,0.00102080965837997,0.0103971417746094,0.109574978108934,3.61392822204406,0.00174922122553813,0.0568589909499077,0.574363534066505,6.11929963224185,203.728163431943
35,0.57099016178933,15.4416961130742,8.81705656190591,0.0113992673415861,0.0143379037786143,2659,2,1,"Predator","Terrestrial","Invertebrate","Insect",0.0613,1,"Invertebrate","Insect",0.00211,2,7.07,NA,NA,7.07,"invertebrate","invertebrate",2.11e-06,6.13e-05,15628.9283866023,2092.46452603886,0.000365969953479472,0.012674439848063,0.132776644522467,1.40645695484933,41.3474811514218,2.01284051046196e-05,0.000881169315813076,0.0107549036497813,0.130031264292359,4.63370996908859
36,0.0517835673535793,1350.75653370014,69.9469919411484,0.000249497059069,0.0314198096227277,880,3,1,"Predator","Aquatic","Invertebrate","Crustacean",0.0376,1,"Invertebrate","Rotifer",2e-04,1,NA,2.75,NA,2.75,"invertebrate","invertebrate",2e-07,3.76e-05,65353.4822232127,2870.04436476107,0.000140201773630436,0.00412227054090033,0.0450422928625831,0.480357358494346,14.2817428889028,0.000150150742281839,0.00659694731192976,0.0872111902910642,1.11260942887092,44.1323919501681
37,0.858359318719539,159.504132231405,136.9118582751,0.0199302931912213,5.015670527105,1601,2,1,"Predator","Terrestrial","Invertebrate","Arachnid",250,1,"Invertebrate","Insect",43,4,70.9,NA,NA,70.9,"invertebrate","invertebrate",0.043,0.25,39.0767763881873,13.5149757243537,0.000982541119042658,0.0315286857061507,0.335799221183176,3.6996259043317,113.632179285436,0.00147122054996337,0.0475848292618137,0.52235019065269,5.86348641709569,186.049539024806
39,0.718338584435039,353.448275862069,253.895534153764,0.157515021087445,187.045623067812,1681,2,1,"Parasitoid","Terrestrial","Invertebrate","Insect",1.06,NA,"Invertebrate","Insect",22.5,1,177,NA,NA,177,"invertebrate","invertebrate",0.0225,0.00106,59.6747840060591,373.256363101999,0.018868843301011,0.560444970345474,6.24905589749124,73.3242281742231,2161.35671694318,0.0839367491354009,2.63519549038036,30.1640508876835,360.639354121953,10997.8445640861
40,0.847206567759421,372.972972972973,315.98515229946,0.203421366951633,202.103141835835,1684,2,1,"Parasitoid","Terrestrial","Invertebrate","Insect",1.06,NA,"Invertebrate","Insect",30,2,177,NA,NA,177,"invertebrate","invertebrate",0.03,0.00106,50.5604233559259,360.869088092373,0.0213933222183958,0.636217990057022,7.37934750087754,81.1711971087686,2488.62928734286,0.0664901702624995,1.98785536114683,23.2486520551401,254.276498686279,7733.40808804926
41,0.602671059085392,343.440233236152,206.981489096966,0.134967960214027,164.749450280849,1687,2,1,"Parasitoid","Terrestrial","Invertebrate","Insect",1.06,NA,"Invertebrate","Insect",12.5,4,177,NA,NA,177,"invertebrate","invertebrate",0.0125,0.00106,85.581513763385,371.376628359086,0.0135773831437952,0.410501472769855,4.31346321453272,49.0661414302646,1526.11120806146,0.079007223768715,2.40258541837992,25.4725594030505,289.373805756653,8969.67647405453
42,0.91287105156902,345.614035087719,315.501047647538,0.174625865021073,237.381461872308,1690,2,1,"Parasitoid","Terrestrial","Invertebrate","Insect",1.06,NA,"Invertebrate","Insect",17.5,5,177,NA,NA,177,"invertebrate","invertebrate",0.0175,0.00106,69.3775875799478,358.777192065052,0.016977377477814,0.486842095740934,5.22673711112876,53.5405450016659,1928.54613589469,0.0683762201768349,1.98838396458656,21.4318529373218,218.718648773669,7930.94629477328
43,0.631745070232893,575,363.253415383914,0.070163423274677,709.55754150337,677,3,1,"Predator","Aquatic","Invertebrate","Crustacean",0.0663,1,"Vertebrate","Fish",3.91,6,NA,500,NA,500,"ecto_vertebrate","invertebrate",0.00391,6.63e-05,624.975653396182,2008.7709398809,0.0114405314206235,0.309716927615216,3.13336355397838,33.6883648732687,952.61585563297,0.31932974594415,8.64312361919958,87.030106418763,937.205559748272,26419.7606522197
